masa_id,codigo_masa,producto_masa_id,producto_codigo,producto_nombre,unidades_pedidas,upq,multiplo_divisor,panesSugeridosRaw,panesSugeridosAjustado,cantidad_divisiones,multiplicador,categorias
290,MASA-OV-20260302-001,1452,PANPAQ10,"PAN ARABE CUADRADO X10",20,10,20,200,200,20,0.1000,MULTIPLO_DIVISOR
290,MASA-OV-20260302-001,1453,PANPAQ68,"PAN ARABE RECTANGULAR X5",5,5,10,25,30,10,0.3333,MULTIPLO_DIVISOR
298,MASA-OV-20260227-002,1462,PANPAQ92,"PAN PERRO GOLD MED X5",200,5,0,1000,1000,200,0.2000,SIN_CATEGORIA
298,MASA-OV-20260227-002,1463,PANPAQ80,"PAN GOLD HAMBURGUESA MED X6",200,6,0,1200,1200,200,0.1667,SIN_CATEGORIA
398,MASA-OV-20260306-002,1662,PANPAQ194,"SOURDOUGH ARANDANOS GRANDE TAJADO",5,1,10,5,10,10,1.0000,REPETICION+MULTIPLO_DIVISOR
407,MASA-OV-20260312-001-A,1675,PANPAQ157,"PAN TOSCANO CUP GRA X2",185,2,0,370,370,186,0.5027,SUBDIVISION
429,MASA-OV-20260316-001,1704,PANPAQ67,"PAN ARABE HAMBURGUESA GRA X 3",70,3,0,210,210,69,0.3286,SIN_CATEGORIA
429,MASA-OV-20260316-001,1705,PANPAQ06,"PAN ARABE SUB X 4",7,4,0,28,28,7,0.2500,SIN_CATEGORIA
433,MASA-OV-20260316-005,1710,PANPAQ168,"SOURDOUGH ARANDANOS BATARD",10,1,10,10,10,10,1.0000,MULTIPLO_DIVISOR
435,MASA-OV-20260316-007,1713,PANPAQ177,"PAN BRIOCHE HAMBURGUESA MED X6",25,6,0,150,150,25,0.1667,SIN_CATEGORIA
436,MASA-OV-20260316-008,1714,GTAPAQ01,"GALLETA AVENA Y PASAS MED",34,1,0,34,34,34,1.0000,SIN_CATEGORIA
437,MASA-OV-20260316-003-A,1715,PANPAQ155,"PAN TOSCANO MED X4",203,4,0,812,812,203,0.2500,SUBDIVISION
438,MASA-OV-20260316-003-B,1716,PANPAQ155,"PAN TOSCANO MED X4",197,4,0,788,788,192,0.2437,SUBDIVISION
439,MASA-OV-20260316-001,1717,PANPAQ06,"PAN ARABE SUB X 4",50,4,0,200,200,50,0.2500,REPETICION
441,MASA-OV-20260317-002,1735,PANPAQ16,"PAN ARABE OREGANO JUNIOR X4",32,4,0,128,128,32,0.2500,SIN_CATEGORIA
441,MASA-OV-20260317-002,1737,PANPAQ22,"PAN ARABE OREGANO CUADRADO X5 CONG",10,5,20,50,60,20,0.3333,MULTIPLO_DIVISOR
441,MASA-OV-20260317-002,1738,PANPAQ21,"PAN ARABE OREGANO CUADRADO X5",14,5,20,70,80,20,0.2500,MULTIPLO_DIVISOR
441,MASA-OV-20260317-002,1739,PANPAQ71,"PAN ARABE OREGANO JUNIOR X4 CONG",18,4,0,72,72,18,0.2500,SIN_CATEGORIA
441,MASA-OV-20260317-002,1740,PANPAQ19,"PAN ARABE OREGANO ROLLES X12 CONG",33,12,0,396,396,33,0.0833,SIN_CATEGORIA
441,MASA-OV-20260317-002,1741,PANPAQ18,"PAN ARABE OREGANO SUB X4 CONG",20,4,0,80,80,20,0.2500,SIN_CATEGORIA
441,MASA-OV-20260317-002,1750,PANPAQ01,"PAN ARABE OREGANO RECTANGULAR X5 CONG",20,5,10,100,100,20,0.2000,MULTIPLO_DIVISOR
444,MASA-OV-20260317-005,1758,PANPAQ12,"PAN ARABE INTEGRAL CUADRADO X10 CONG",3,10,0,30,30,3,0.1000,SIN_CATEGORIA
454,MASA-OV-20260317-015,1803,PASPAQ02,"TARTANA MANTENCANTO",3,1,0,3,3,3,1.0000,SIN_CATEGORIA
455,MASA-OV-20260317-016,1805,PASPAQ05,"TARTANA AMAPOLA",3,1,0,3,3,3,1.0000,SIN_CATEGORIA
456,MASA-OV-20260317-017,1807,PASPAQ04,"TARTANA NARANJA",3,1,0,3,3,3,1.0000,SIN_CATEGORIA
460,MASA-OV-20260317-021,1820,PANPAQ42,"PAN BAGUETTE AJO SUB X4",37,4,0,148,148,37,0.2500,SIN_CATEGORIA
472,MASA-OV-20260317-001-B,1841,PANPAQ13,"PAN DUNA INSTITUCIONAL ROLLES X 20 CONG",79,20,0,1580,1580,79,0.0500,SUBDIVISION
472,MASA-OV-20260317-001-B,1845,PANPAQ04,"PAN ARABE JUNIOR X 4",1,4,0,4,4,1,0.2500,SUBDIVISION
473,MASA-OV-20260317-001-C,1842,PANPAQ13,"PAN DUNA INSTITUCIONAL ROLLES X 20 CONG",79,20,0,1580,1580,79,0.0500,SUBDIVISION
473,MASA-OV-20260317-001-C,1846,PANPAQ05,"PAN ARABE JUNIOR X 4 CONG",1,4,0,4,4,1,0.2500,SUBDIVISION
474,MASA-OV-20260317-001-D,1843,PANPAQ13,"PAN DUNA INSTITUCIONAL ROLLES X 20 CONG",79,20,0,1580,1580,76,0.0481,SUBDIVISION
474,MASA-OV-20260317-001-D,1847,PANPAQ05,"PAN ARABE JUNIOR X 4 CONG",1,4,0,4,4,1,0.2500,SUBDIVISION
475,MASA-OV-20260317-001-E,1844,PANPAQ13,"PAN DUNA INSTITUCIONAL ROLLES X 20 CONG",58,20,0,1160,1160,58,0.0500,SUBDIVISION
475,MASA-OV-20260317-001-E,1848,PANPAQ05,"PAN ARABE JUNIOR X 4 CONG",10,4,0,40,40,10,0.2500,SUBDIVISION
475,MASA-OV-20260317-001-E,1849,PANPAQ26,"PAN ARTELLANO MED X 4 CONG",39,4,0,156,156,39,0.2500,SUBDIVISION
476,MASA-OV-20260317-001-F,1850,PANPAQ26,"PAN ARTELLANO MED X 4 CONG",130,4,0,520,520,100,0.1923,SUBDIVISION
476,MASA-OV-20260317-001-F,1851,PANPAQ11,"PAN DUNA INSTITUCIONAL ROLLES X 20",17,20,0,340,340,17,0.0500,SUBDIVISION
476,MASA-OV-20260317-001-F,1852,PANPAQ06,"PAN ARABE SUB X 4",6,4,0,24,24,6,0.2500,SUBDIVISION
476,MASA-OV-20260317-001-F,1853,PANPAQ03,"PAN ARABE CUADRADO X10 CONG",4,10,0,40,40,4,0.1000,SUBDIVISION
476,MASA-OV-20260317-001-F,1856,PANPAQ25,"PAN ARTELLANO MED X 4",2,4,0,8,8,2,0.2500,SUBDIVISION
477,MASA-OV-20260317-001-G,1854,PANPAQ03,"PAN ARABE CUADRADO X10 CONG",1,10,0,10,10,2,0.2000,SUBDIVISION
477,MASA-OV-20260317-001-G,1855,PANPAQ10,"PAN ARABE CUADRADO X10",33,10,0,330,330,32,0.0970,SUBDIVISION
477,MASA-OV-20260317-001-G,1857,PANPAQ25,"PAN ARTELLANO MED X 4",102,4,0,408,408,202,0.4951,SUBDIVISION
477,MASA-OV-20260317-001-G,1858,PANPAQ69,"PAN ARABE HAMBURGUESA MED ENHARINADA X6",4,6,0,24,24,3,0.1250,SUBDIVISION
478,MASA-OV-20260317-001-H,1859,PANPAQ69,"PAN ARABE HAMBURGUESA MED ENHARINADA X6",42,6,0,252,252,42,0.1667,SUBDIVISION
479,MASA-OV-20260317-023-A,1860,PANPAQ34,"PAN AVENA ROLLES X20 CONG",48,20,0,960,960,48,0.0500,SUBDIVISION
480,MASA-OV-20260317-023-B,1861,PANPAQ34,"PAN AVENA ROLLES X20 CONG",22,20,0,440,440,22,0.0500,SUBDIVISION
481,MASA-OV-20260317-004-A,1862,PANPAQ36,"PAN BAGUETTE JUNIOR X4 RÃ“TULO CONGELACIÃ“N",128,4,0,512,512,128,0.2500,SUBDIVISION
481,MASA-OV-20260317-004-A,1863,PANPAQ38,"PAN BAGUETTE SUB X4 CONG",50,4,0,200,200,50,0.2500,SUBDIVISION
482,MASA-OV-20260317-004-B,1864,PANPAQ38,"PAN BAGUETTE SUB X4 CONG",103,4,0,412,412,103,0.2500,SUBDIVISION
482,MASA-OV-20260317-004-B,1865,PANPAQ35,"PAN BAGUETTE JUNIOR X4",7,4,0,28,28,7,0.2500,SUBDIVISION
483,MASA-OV-20260317-012-A,1866,PANPAQ186,"PAN BRIOCHE MOLDE GRA CONG",12,1,0,12,12,11,0.9167,SUBDIVISION
483,MASA-OV-20260317-012-A,1867,PANPAQ177,"PAN BRIOCHE HAMBURGUESA MED X6",20,6,0,120,120,19,0.1583,SUBDIVISION
483,MASA-OV-20260317-012-A,1868,PANPAQ185,"PAN BRIOCHE HAMBURGUESA PEQ X12",5,12,0,60,60,5,0.0833,SUBDIVISION
483,MASA-OV-20260317-012-A,1869,PANPAQ178,"PAN BRIOCHE HAMBURGUESA MED X6 CONG",111,6,0,666,666,111,0.1667,SUBDIVISION
500,MASA-OV-20260319-001,1892,PASPAQ02,"TARTANA MANTENCANTO",40,1,0,40,40,38,0.9500,SIN_CATEGORIA
502,MASA-OV-20260319-003,1894,PASPAQ04,"TARTANA NARANJA",40,1,0,40,40,36,0.9000,SIN_CATEGORIA
505,MASA-OV-20260320-001-A,1897,PANPAQ157,"PAN TOSCANO CUP GRA X2",185,2,0,370,370,185,0.5000,SUBDIVISION
507,MASA-OV-20260320-001,1899,PANPAQ157,"PAN TOSCANO CUP GRA X2",360,2,0,720,720,360,0.5000,SIN_CATEGORIA
511,MASA-OV-20260324-001,1903,PASPAQ02,"TARTANA MANTENCANTO",40,1,0,40,40,40,1.0000,SIN_CATEGORIA
512,MASA-OV-20260324-002,1904,PASPAQ05,"TARTANA AMAPOLA",50,1,0,50,50,48,0.9600,SIN_CATEGORIA
513,MASA-OV-20260324-003,1905,PASPAQ04,"TARTANA NARANJA",50,1,0,50,50,50,1.0000,SIN_CATEGORIA
515,MASA-OV-20260324-005,1907,GTAPAQ03,"GALLETA TRADICIÃ“N PEQ X LIBRA",80,1,0,80,80,221,2.7625,SIN_CATEGORIA
516,MASA-OV-20260324-006,1909,PASPAQ06,"TARTANA FRUTOS ROJOS",50,1,0,50,50,45,0.9000,SIN_CATEGORIA
517,MASA-OV-20260324-007,1910,PANPAQ80,"PAN GOLD HAMBURGUESA MED X6",120,6,0,720,720,120,0.1667,SIN_CATEGORIA
548,MASA-OV-20260325-003,1917,PANPAQ119,"PAN MULTIGRANOS PULLMAN GRA TAJADO",40,1,0,40,40,40,1.0000,SIN_CATEGORIA
701,MASA-OV-20260326-004-A,3106,PANPAQ04,"PAN ARABE JUNIOR X 4",20,4,0,80,80,80,1.0000,SUBDIVISION
701,MASA-OV-20260326-004-A,3111,PANPAQ25,"PAN ARTELLANO MED X 4",20,4,0,80,80,78,0.9750,SUBDIVISION
705,MASA-OV-20260326-004-E,3110,PANPAQ04,"PAN ARABE JUNIOR X 4",21,4,0,84,84,84,1.0000,SUBDIVISION
705,MASA-OV-20260326-004-E,3115,PANPAQ25,"PAN ARTELLANO MED X 4",20,4,0,80,80,80,1.0000,SUBDIVISION
706,MASA-OV-20260326-004-A,3116,PANPAQ04,"PAN ARABE JUNIOR X 4",14,4,0,56,56,56,1.0000,SUBDIVISION
706,MASA-OV-20260326-004-A,3124,PANPAQ25,"PAN ARTELLANO MED X 4",25,4,0,100,100,100,1.0000,SUBDIVISION
709,MASA-OV-20260326-004-D,3119,PANPAQ04,"PAN ARABE JUNIOR X 4",14,4,0,56,56,54,0.9643,SUBDIVISION
709,MASA-OV-20260326-004-D,3127,PANPAQ25,"PAN ARTELLANO MED X 4",25,4,0,100,100,100,1.0000,SUBDIVISION
710,MASA-OV-20260326-004-E,3120,PANPAQ04,"PAN ARABE JUNIOR X 4",14,4,0,56,56,56,1.0000,SUBDIVISION
710,MASA-OV-20260326-004-E,3128,PANPAQ25,"PAN ARTELLANO MED X 4",25,4,0,100,100,98,0.9800,SUBDIVISION
711,MASA-OV-20260326-004-F,3121,PANPAQ04,"PAN ARABE JUNIOR X 4",14,4,0,56,56,56,1.0000,SUBDIVISION
711,MASA-OV-20260326-004-F,3129,PANPAQ25,"PAN ARTELLANO MED X 4",25,4,0,100,100,98,0.9800,SUBDIVISION
712,MASA-OV-20260326-004-G,3122,PANPAQ04,"PAN ARABE JUNIOR X 4",14,4,0,56,56,56,1.0000,SUBDIVISION
712,MASA-OV-20260326-004-G,3130,PANPAQ25,"PAN ARTELLANO MED X 4",25,4,0,100,100,100,1.0000,SUBDIVISION
713,MASA-OV-20260326-004-H,3123,PANPAQ04,"PAN ARABE JUNIOR X 4",21,4,0,84,84,84,1.0000,SUBDIVISION
713,MASA-OV-20260326-004-H,3131,PANPAQ25,"PAN ARTELLANO MED X 4",25,4,0,100,100,100,1.0000,SUBDIVISION
717,MASA-OV-20260326-004-B,3135,PANPAQ04,"PAN ARABE JUNIOR X 4",9,4,0,36,36,36,1.0000,SUBDIVISION
717,MASA-OV-20260326-004-B,3161,PANPAQ10,"PAN ARABE CUADRADO X10",1,10,0,10,10,10,1.0000,SUBDIVISION
717,MASA-OV-20260326-004-B,3187,PANPAQ25,"PAN ARTELLANO MED X 4",15,4,0,60,60,60,1.0000,SUBDIVISION
729,MASA-OV-20260326-004-N,3147,PANPAQ04,"PAN ARABE JUNIOR X 4",9,4,0,36,36,36,1.0000,SUBDIVISION
729,MASA-OV-20260326-004-N,3173,PANPAQ10,"PAN ARABE CUADRADO X10",1,10,0,10,10,10,1.0000,SUBDIVISION
729,MASA-OV-20260326-004-N,3199,PANPAQ25,"PAN ARTELLANO MED X 4",15,4,0,60,60,60,1.0000,SUBDIVISION
732,MASA-OV-20260326-004-Q,3150,PANPAQ04,"PAN ARABE JUNIOR X 4",9,4,0,36,36,36,1.0000,SUBDIVISION
732,MASA-OV-20260326-004-Q,3176,PANPAQ10,"PAN ARABE CUADRADO X10",1,10,0,10,10,10,1.0000,SUBDIVISION
732,MASA-OV-20260326-004-Q,3202,PANPAQ25,"PAN ARTELLANO MED X 4",15,4,0,60,60,60,1.0000,SUBDIVISION
734,MASA-OV-20260326-004-S,3152,PANPAQ04,"PAN ARABE JUNIOR X 4",9,4,0,36,36,36,1.0000,SUBDIVISION
734,MASA-OV-20260326-004-S,3178,PANPAQ10,"PAN ARABE CUADRADO X10",1,10,0,10,10,10,1.0000,SUBDIVISION
734,MASA-OV-20260326-004-S,3204,PANPAQ25,"PAN ARTELLANO MED X 4",15,4,0,60,60,60,1.0000,SUBDIVISION
735,MASA-OV-20260326-004-T,3153,PANPAQ04,"PAN ARABE JUNIOR X 4",9,4,0,36,36,36,1.0000,SUBDIVISION
735,MASA-OV-20260326-004-T,3179,PANPAQ10,"PAN ARABE CUADRADO X10",1,10,0,10,10,10,1.0000,SUBDIVISION
735,MASA-OV-20260326-004-T,3205,PANPAQ25,"PAN ARTELLANO MED X 4",15,4,0,60,60,15,0.2500,SUBDIVISION
738,MASA-OV-20260326-004-W,3156,PANPAQ04,"PAN ARABE JUNIOR X 4",9,4,0,36,36,36,1.0000,SUBDIVISION
738,MASA-OV-20260326-004-W,3182,PANPAQ10,"PAN ARABE CUADRADO X10",1,10,0,10,10,10,1.0000,SUBDIVISION
738,MASA-OV-20260326-004-W,3208,PANPAQ25,"PAN ARTELLANO MED X 4",15,4,0,60,60,60,1.0000,SUBDIVISION
739,MASA-OV-20260326-004-X,3157,PANPAQ04,"PAN ARABE JUNIOR X 4",9,4,0,36,36,36,1.0000,SUBDIVISION
739,MASA-OV-20260326-004-X,3183,PANPAQ10,"PAN ARABE CUADRADO X10",1,10,0,10,10,10,1.0000,SUBDIVISION
739,MASA-OV-20260326-004-X,3209,PANPAQ25,"PAN ARTELLANO MED X 4",15,4,0,60,60,60,1.0000,SUBDIVISION
740,MASA-OV-20260326-004-Y,3158,PANPAQ04,"PAN ARABE JUNIOR X 4",9,4,0,36,36,36,1.0000,SUBDIVISION
740,MASA-OV-20260326-004-Y,3184,PANPAQ10,"PAN ARABE CUADRADO X10",1,10,0,10,10,10,1.0000,SUBDIVISION
740,MASA-OV-20260326-004-Y,3210,PANPAQ25,"PAN ARTELLANO MED X 4",15,4,0,60,60,60,1.0000,SUBDIVISION
903,MASA-OV-20260414-001,3652,PANPAQ157,"PAN TOSCANO CUP GRA X2",20,2,0,40,40,20,0.5000,SIN_CATEGORIA
905,MASA-OV-20260414-004,3654,PANPAQ06,"PAN ARABE SUB X 4",20,4,0,80,80,20,0.2500,SIN_CATEGORIA
915,MASA-OV-20260414-012,3690,PANPAQ18,"PAN ARABE OREGANO SUB X4 CONG",4,4,0,16,16,16,1.0000,SIN_CATEGORIA
915,MASA-OV-20260414-012,3691,PANPAQ71,"PAN ARABE OREGANO JUNIOR X4 CONG",5,4,0,20,20,20,1.0000,SIN_CATEGORIA
915,MASA-OV-20260414-012,3692,PANPAQ16,"PAN ARABE OREGANO JUNIOR X4",5,4,0,20,20,20,1.0000,SIN_CATEGORIA
947,MASA-OV-20260414-008-A,3752,PANPAQ26,"PAN ARTELLANO MED X 4 CONG",4,4,0,16,16,16,1.0000,SUBDIVISION
947,MASA-OV-20260414-008-A,3757,PANPAQ03,"PAN ARABE CUADRADO X10 CONG",1,10,0,10,10,10,1.0000,SUBDIVISION
947,MASA-OV-20260414-008-A,3761,PANPAQ25,"PAN ARTELLANO MED X 4",25,4,0,100,100,100,1.0000,SUBDIVISION
948,MASA-OV-20260414-008-B,3753,PANPAQ26,"PAN ARTELLANO MED X 4 CONG",4,4,0,16,16,4,0.2500,SUBDIVISION
948,MASA-OV-20260414-008-B,3758,PANPAQ03,"PAN ARABE CUADRADO X10 CONG",1,10,0,10,10,10,1.0000,SUBDIVISION
948,MASA-OV-20260414-008-B,3762,PANPAQ25,"PAN ARTELLANO MED X 4",25,4,0,100,100,25,0.2500,SUBDIVISION
949,MASA-OV-20260414-008-C,3754,PANPAQ26,"PAN ARTELLANO MED X 4 CONG",4,4,0,16,16,16,1.0000,SUBDIVISION
949,MASA-OV-20260414-008-C,3759,PANPAQ03,"PAN ARABE CUADRADO X10 CONG",1,10,0,10,10,10,1.0000,SUBDIVISION
949,MASA-OV-20260414-008-C,3763,PANPAQ25,"PAN ARTELLANO MED X 4",25,4,0,100,100,100,1.0000,SUBDIVISION
950,MASA-OV-20260414-008-D,3755,PANPAQ26,"PAN ARTELLANO MED X 4 CONG",5,4,0,20,20,20,1.0000,SUBDIVISION
950,MASA-OV-20260414-008-D,3756,PANPAQ07,"PAN ARABE SUB X 4 CONG",3,4,0,12,12,12,1.0000,SUBDIVISION
950,MASA-OV-20260414-008-D,3760,PANPAQ03,"PAN ARABE CUADRADO X10 CONG",3,10,0,30,30,30,1.0000,SUBDIVISION
950,MASA-OV-20260414-008-D,3764,PANPAQ25,"PAN ARTELLANO MED X 4",25,4,0,100,100,100,1.0000,SUBDIVISION
950,MASA-OV-20260414-008-D,3765,PANPAQ23,"PAN PITA ARABE GRA X6",3,6,0,18,18,18,1.0000,SUBDIVISION
956,MASA-OV-20260414-014-F,3771,PANPAQ38,"PAN BAGUETTE SUB X4 CONG",46,4,0,184,184,46,0.2500,SUBDIVISION
957,MASA-OV-20260414-014-G,3772,PANPAQ38,"PAN BAGUETTE SUB X4 CONG",46,4,0,184,184,46,0.2500,SUBDIVISION
1046,MASA-OV-20260416-001-A,3879,PANPAQ37,"PAN BAGUETTE SUB X4",150,4,0,600,600,600,1.0000,SUBDIVISION
1049,MASA-OV-20260416-001-D,3882,PANPAQ37,"PAN BAGUETTE SUB X4",150,4,0,600,600,608,1.0133,SUBDIVISION
1051,MASA-OV-20260417-001-A,3884,PANPAQ37,"PAN BAGUETTE SUB X4",150,4,0,600,600,600,1.0000,SUBDIVISION
1052,MASA-OV-20260417-001-B,3885,PANPAQ37,"PAN BAGUETTE SUB X4",150,4,0,600,600,600,1.0000,SUBDIVISION
1056,MASA-OV-20260420-001-A,3889,PANPAQ37,"PAN BAGUETTE SUB X4",150,4,0,600,600,600,1.0000,SUBDIVISION
1057,MASA-OV-20260420-001-B,3890,PANPAQ37,"PAN BAGUETTE SUB X4",150,4,0,600,600,600,1.0000,SUBDIVISION
1058,MASA-OV-20260420-001-C,3891,PANPAQ37,"PAN BAGUETTE SUB X4",150,4,0,600,600,600,1.0000,SUBDIVISION
1100,MASA-OV-20260505-006,3945,PANPAQ06,"PAN ARABE SUB X 4",4,4,0,16,16,4,0.2500,SIN_CATEGORIA
1100,MASA-OV-20260505-006,3946,PANPAQ11,"PAN DUNA INSTITUCIONAL ROLLES X 20",3,20,0,60,60,3,0.0500,SIN_CATEGORIA
1416,MASA-OV-20260524-008,4827,PANPAQ19,"PAN ARABE OREGANO ROLLES X12 CONG",56,12,0,672,672,694,1.0327,SIN_CATEGORIA
1416,MASA-OV-20260524-008,4830,PANPAQ16,"PAN ARABE OREGANO JUNIOR X4",56,4,0,224,224,232,1.0357,SIN_CATEGORIA
1461,MASA-OV-20260524-001-A,4968,PANPAQ02,"PAN DUNA SUB ENHARINADA X4",4,4,0,16,16,16,1.0000,SUBDIVISION
1461,MASA-OV-20260524-001-A,4977,PANPAQ03,"PAN ARABE CUADRADO X10 CONG",69,10,0,690,690,690,1.0000,SUBDIVISION
1461,MASA-OV-20260524-001-A,4986,PANPAQ24,"PAN PITA ARABE MED X6 CONG",4,6,0,24,24,24,1.0000,SUBDIVISION
1462,MASA-OV-20260524-001-B,4969,PANPAQ02,"PAN DUNA SUB ENHARINADA X4",4,4,0,16,16,16,1.0000,SUBDIVISION
1462,MASA-OV-20260524-001-B,4978,PANPAQ03,"PAN ARABE CUADRADO X10 CONG",69,10,0,690,690,690,1.0000,SUBDIVISION
1462,MASA-OV-20260524-001-B,4987,PANPAQ24,"PAN PITA ARABE MED X6 CONG",4,6,0,24,24,24,1.0000,SUBDIVISION
1463,MASA-OV-20260524-001-C,4970,PANPAQ02,"PAN DUNA SUB ENHARINADA X4",4,4,0,16,16,4,0.2500,SUBDIVISION
1463,MASA-OV-20260524-001-C,4979,PANPAQ03,"PAN ARABE CUADRADO X10 CONG",69,10,0,690,690,69,0.1000,SUBDIVISION
1463,MASA-OV-20260524-001-C,4988,PANPAQ24,"PAN PITA ARABE MED X6 CONG",4,6,0,24,24,4,0.1667,SUBDIVISION
1464,MASA-OV-20260524-001-D,4971,PANPAQ02,"PAN DUNA SUB ENHARINADA X4",4,4,0,16,16,4,0.2500,SUBDIVISION
1464,MASA-OV-20260524-001-D,4980,PANPAQ03,"PAN ARABE CUADRADO X10 CONG",69,10,0,690,690,69,0.1000,SUBDIVISION
1464,MASA-OV-20260524-001-D,4989,PANPAQ24,"PAN PITA ARABE MED X6 CONG",4,6,0,24,24,5,0.2083,SUBDIVISION
1465,MASA-OV-20260524-001-E,4972,PANPAQ02,"PAN DUNA SUB ENHARINADA X4",4,4,0,16,16,4,0.2500,SUBDIVISION
1465,MASA-OV-20260524-001-E,4981,PANPAQ03,"PAN ARABE CUADRADO X10 CONG",69,10,0,690,690,69,0.1000,SUBDIVISION
1465,MASA-OV-20260524-001-E,4990,PANPAQ24,"PAN PITA ARABE MED X6 CONG",4,6,0,24,24,4,0.1667,SUBDIVISION
1466,MASA-OV-20260524-001-F,4973,PANPAQ02,"PAN DUNA SUB ENHARINADA X4",4,4,0,16,16,16,1.0000,SUBDIVISION
1466,MASA-OV-20260524-001-F,4982,PANPAQ03,"PAN ARABE CUADRADO X10 CONG",69,10,0,690,690,690,1.0000,SUBDIVISION
1466,MASA-OV-20260524-001-F,4991,PANPAQ24,"PAN PITA ARABE MED X6 CONG",4,6,0,24,24,24,1.0000,SUBDIVISION
1467,MASA-OV-20260524-001-G,4974,PANPAQ02,"PAN DUNA SUB ENHARINADA X4",4,4,0,16,16,16,1.0000,SUBDIVISION
1467,MASA-OV-20260524-001-G,4983,PANPAQ03,"PAN ARABE CUADRADO X10 CONG",69,10,0,690,690,690,1.0000,SUBDIVISION
1467,MASA-OV-20260524-001-G,4992,PANPAQ24,"PAN PITA ARABE MED X6 CONG",4,6,0,24,24,22,0.9167,SUBDIVISION
1468,MASA-OV-20260524-001-H,4975,PANPAQ02,"PAN DUNA SUB ENHARINADA X4",4,4,0,16,16,16,1.0000,SUBDIVISION
1468,MASA-OV-20260524-001-H,4984,PANPAQ03,"PAN ARABE CUADRADO X10 CONG",69,10,0,690,690,690,1.0000,SUBDIVISION
1468,MASA-OV-20260524-001-H,4993,PANPAQ24,"PAN PITA ARABE MED X6 CONG",4,6,0,24,24,24,1.0000,SUBDIVISION
1469,MASA-OV-20260524-001-I,4976,PANPAQ02,"PAN DUNA SUB ENHARINADA X4",4,4,0,16,16,6,0.3750,SUBDIVISION
1469,MASA-OV-20260524-001-I,4985,PANPAQ03,"PAN ARABE CUADRADO X10 CONG",72,10,0,720,720,74,0.1028,SUBDIVISION
1469,MASA-OV-20260524-001-I,4994,PANPAQ24,"PAN PITA ARABE MED X6 CONG",8,6,0,48,48,10,0.2083,SUBDIVISION
1470,MASA-OV-20260524-004-A,4995,PANPAQ184,"PAN BRIOCHE HAMBURGUESA 9 CM X6 AJONJOLÍ NEGRO CONG",49,12,0,588,588,294,0.5000,SUBDIVISION
1470,MASA-OV-20260524-004-A,4999,PANPAQ180,"PAN BRIOCHE HAMBURGUESA MED X6 AJONJOLÍ NEGRO",30,6,0,180,180,180,1.0000,SUBDIVISION
1470,MASA-OV-20260524-004-A,5003,PANPAQ176,"PAN BRIOCHE HAMBURGUESA GRA X3 AJONJOLÍ NEGRO",21,3,0,63,63,63,1.0000,SUBDIVISION
1470,MASA-OV-20260524-004-A,5007,PANPAQ177,"PAN BRIOCHE HAMBURGUESA MED X6",73,6,0,438,438,438,1.0000,SUBDIVISION
1471,MASA-OV-20260524-004-B,4996,PANPAQ184,"PAN BRIOCHE HAMBURGUESA 9 CM X6 AJONJOLÍ NEGRO CONG",49,12,0,588,588,294,0.5000,SUBDIVISION
1471,MASA-OV-20260524-004-B,5000,PANPAQ180,"PAN BRIOCHE HAMBURGUESA MED X6 AJONJOLÍ NEGRO",30,6,0,180,180,180,1.0000,SUBDIVISION
1471,MASA-OV-20260524-004-B,5004,PANPAQ176,"PAN BRIOCHE HAMBURGUESA GRA X3 AJONJOLÍ NEGRO",21,3,0,63,63,63,1.0000,SUBDIVISION
1471,MASA-OV-20260524-004-B,5008,PANPAQ177,"PAN BRIOCHE HAMBURGUESA MED X6",73,6,0,438,438,438,1.0000,SUBDIVISION
1472,MASA-OV-20260524-004-C,4997,PANPAQ184,"PAN BRIOCHE HAMBURGUESA 9 CM X6 AJONJOLÍ NEGRO CONG",49,12,0,588,588,294,0.5000,SUBDIVISION
1472,MASA-OV-20260524-004-C,5001,PANPAQ180,"PAN BRIOCHE HAMBURGUESA MED X6 AJONJOLÍ NEGRO",30,6,0,180,180,180,1.0000,SUBDIVISION
1472,MASA-OV-20260524-004-C,5005,PANPAQ176,"PAN BRIOCHE HAMBURGUESA GRA X3 AJONJOLÍ NEGRO",21,3,0,63,63,63,1.0000,SUBDIVISION
1472,MASA-OV-20260524-004-C,5009,PANPAQ177,"PAN BRIOCHE HAMBURGUESA MED X6",73,6,0,438,438,438,1.0000,SUBDIVISION
1481,MASA-OV-20260526-003,5053,PANPAQ175,"PAN BRIOCHE HAMBURGUESA GRA X3",228,3,0,684,684,689,1.0073,SIN_CATEGORIA
1482,MASA-OV-20260526-004,5057,PANPAQ16,"PAN ARABE OREGANO JUNIOR X4",100,4,0,400,400,408,1.0200,SIN_CATEGORIA
1483,MASA-OV-20260526-002-A,5061,PANPAQ125,"PAN PAPA HAMBURGUESA 9 CM X6",56,6,0,336,336,336,1.0000,SUBDIVISION
1483,MASA-OV-20260526-002-A,5065,PANPAQ126,"PAN PAPA HAMBURGUESA 9 CM X6 CONG",149,6,0,894,894,893,0.9989,SUBDIVISION
1499,MASA-OV-20260528-005-A,5121,PANPAQ22,"PAN ARABE OREGANO CUADRADO X5 CONG",155,5,0,775,775,775,1.0000,SUBDIVISION
1500,MASA-OV-20260528-005-B,5122,PANPAQ22,"PAN ARABE OREGANO CUADRADO X5 CONG",155,5,0,775,775,775,1.0000,SUBDIVISION
1501,MASA-OV-20260528-005-C,5123,PANPAQ22,"PAN ARABE OREGANO CUADRADO X5 CONG",155,5,0,775,775,775,1.0000,SUBDIVISION
1502,MASA-OV-20260528-005-D,5124,PANPAQ22,"PAN ARABE OREGANO CUADRADO X5 CONG",155,5,0,775,775,775,1.0000,SUBDIVISION
1503,MASA-OV-20260528-005-E,5125,PANPAQ22,"PAN ARABE OREGANO CUADRADO X5 CONG",155,5,0,775,775,775,1.0000,SUBDIVISION
1504,MASA-OV-20260528-005-F,5126,PANPAQ22,"PAN ARABE OREGANO CUADRADO X5 CONG",155,5,0,775,775,775,1.0000,SUBDIVISION
1505,MASA-OV-20260528-005-G,5127,PANPAQ22,"PAN ARABE OREGANO CUADRADO X5 CONG",155,5,0,775,775,774,0.9987,SUBDIVISION
1506,MASA-OV-20260528-005-H,5128,PANPAQ22,"PAN ARABE OREGANO CUADRADO X5 CONG",155,5,0,775,775,775,1.0000,SUBDIVISION
1507,MASA-OV-20260528-005-I,5129,PANPAQ22,"PAN ARABE OREGANO CUADRADO X5 CONG",160,5,0,800,800,810,1.0125,SUBDIVISION
1508,MASA-OV-20260528-001-A,5130,PANPAQ31,"PAN AVENA ROLLES X12",76,12,0,912,912,924,1.0132,SUBDIVISION
1510,MASA-OV-20260528-001-C,5132,PANPAQ31,"PAN AVENA ROLLES X12",76,12,0,912,912,924,1.0132,SUBDIVISION
1511,MASA-OV-20260528-001-D,5133,PANPAQ31,"PAN AVENA ROLLES X12",76,12,0,912,912,924,1.0132,SUBDIVISION
1513,MASA-OV-20260528-003-A,5135,PANPAQ185,"PAN BRIOCHE HAMBURGUESA PEQ X12",182,12,0,2184,2184,2195,1.0050,SUBDIVISION
1514,MASA-OV-20260528-003-B,5136,PANPAQ185,"PAN BRIOCHE HAMBURGUESA PEQ X12",182,12,0,2184,2184,2194,1.0046,SUBDIVISION
1703,MASA-OV-20260714-001,5771,PANPAQ136,"PAN TRADICIONAL HAMBURGUESA 9 CM X6",3,6,0,18,18,32,1.7778,REPETICION
1716,MASA-OV-20260716-012,5799,PANPAQ182,"PAN BRIOCHE HAMBURGUESA 9 CM X6",108,6,0,648,648,660,1.0185,REPETICION
1716,MASA-OV-20260716-012,5800,PANPAQ175,"PAN BRIOCHE HAMBURGUESA GRA X3",100,3,0,300,300,306,1.0200,REPETICION
1717,MASA-OV-20260716-013,5801,PANPAQ21,"PAN ARABE OREGANO CUADRADO X5",50,5,20,250,260,60,0.2308,REPETICION+MULTIPLO_DIVISOR
1723,MASA-OV-20260724-005-A,5807,PANPAQ06,"PAN ARABE SUB X 4",194,4,0,776,776,780,1.0052,SUBDIVISION
1724,MASA-OV-20260724-005-B,5808,PANPAQ06,"PAN ARABE SUB X 4",106,4,0,424,424,550,1.2972,SUBDIVISION
1726,MASA-OV-20260724-004-B,5810,PANPAQ39,"PAN BAGUETTE 80 G X5",22,5,0,110,110,110,1.0000,SUBDIVISION
1781,MASA-OV-20260803-001,5920,PANPAQ03,"PAN ARABE CUADRADO X10 CONG",11,10,20,110,120,140,1.1667,MULTIPLO_DIVISOR
1800,MASA-OV-20260805-012,6005,PANPAQ150,"PAN PERRO TRADICIONAL MED X6 CONG",9,6,1,54,54,66,1.2222,SIN_CATEGORIA
1800,MASA-OV-20260805-012,6006,PANPAQ132,"PAN TRADICIONAL JUNIOR X4 CONG",2,4,1,8,8,14,1.7500,SIN_CATEGORIA
1800,MASA-OV-20260805-012,6007,PANPAQ152,"PAN PERRO TRADICIONAL PEQ X6",8,6,1,48,48,60,1.2500,SIN_CATEGORIA
1800,MASA-OV-20260805-012,6008,PANPAQ143,"PAN TRADICIONAL HAMBURGUESA MED X6 CONG",4,6,1,24,24,36,1.5000,SIN_CATEGORIA
1801,MASA-OV-20260805-013,6010,PANPAQ38,"PAN BAGUETTE SUB X4 CONG",52,4,1,208,208,216,1.0385,SIN_CATEGORIA
1824,MASA-OV-20260806-001,6120,PANPAQ74,"PAN ARABE OREGANO HAMBURGUESA MED X6",4,6,1,24,24,36,1.5000,SIN_CATEGORIA
1849,MASA-OV-20260810-015-A,6152,PANPAQ157,"PAN TOSCANO CUP GRA X2",129,2,20,258,260,260,1.0000,SUBDIVISION+MULTIPLO_DIVISOR
1849,MASA-OV-20260810-015-A,6156,PANPAQ160,"PAN TOSCANO CUP PEQ X4",64,4,20,256,260,260,1.0000,SUBDIVISION+MULTIPLO_DIVISOR
1850,MASA-OV-20260810-015-B,6153,PANPAQ157,"PAN TOSCANO CUP GRA X2",129,2,20,258,260,260,1.0000,SUBDIVISION+MULTIPLO_DIVISOR
1850,MASA-OV-20260810-015-B,6157,PANPAQ160,"PAN TOSCANO CUP PEQ X4",64,4,20,256,260,260,1.0000,SUBDIVISION+MULTIPLO_DIVISOR
1851,MASA-OV-20260810-015-C,6154,PANPAQ157,"PAN TOSCANO CUP GRA X2",129,2,20,258,260,260,1.0000,SUBDIVISION+MULTIPLO_DIVISOR
1851,MASA-OV-20260810-015-C,6158,PANPAQ160,"PAN TOSCANO CUP PEQ X4",64,4,20,256,260,260,1.0000,SUBDIVISION+MULTIPLO_DIVISOR
1852,MASA-OV-20260810-015-D,6155,PANPAQ157,"PAN TOSCANO CUP GRA X2",113,2,20,226,240,240,1.0000,SUBDIVISION+MULTIPLO_DIVISOR
1852,MASA-OV-20260810-015-D,6159,PANPAQ160,"PAN TOSCANO CUP PEQ X4",58,4,20,232,240,240,1.0000,SUBDIVISION+MULTIPLO_DIVISOR
1857,MASA-OV-20260811-004,6167,PANPAQ61,"PAN CIABATTA PEQ X4",43,4,20,172,180,180,1.0000,MULTIPLO_DIVISOR
1858,MASA-OV-20260811-005,6169,PANPAQ18,"PAN ARABE OREGANO SUB X4 CONG",39,4,1,156,156,180,1.1538,SIN_CATEGORIA
1858,MASA-OV-20260811-005,6171,PANPAQ16,"PAN ARABE OREGANO JUNIOR X4",25,4,1,100,100,108,1.0800,SIN_CATEGORIA
1858,MASA-OV-20260811-005,6172,PANPAQ74,"PAN ARABE OREGANO HAMBURGUESA MED X6",6,6,1,36,36,48,1.3333,SIN_CATEGORIA
1858,MASA-OV-20260811-005,6173,PANPAQ17,"PAN ARABE OREGANO SUB X4",6,4,1,24,24,45,1.8750,SIN_CATEGORIA
1859,MASA-OV-20260811-006,6174,PANPAQ10,"PAN ARABE CUADRADO X10",5,10,20,50,60,80,1.3333,MULTIPLO_DIVISOR
1871,MASA-OV-20260811-018,6205,PANPAQ38,"PAN BAGUETTE SUB X4 CONG",30,4,1,120,120,128,1.0667,SIN_CATEGORIA
1871,MASA-OV-20260811-018,6206,PANPAQ39,"PAN BAGUETTE 80 G X5",45,5,1,225,225,235,1.0444,SIN_CATEGORIA
1875,MASA-OV-20260812-001,6221,PANPAQ110,"PAN LINAZA Y PASAS ROLLES X8",100,8,1,800,800,840,1.0500,SIN_CATEGORIA
1896,MASA-OV-20991225-001,6255,PANPAQ11,"PAN PERRO TRADICIONAL GRA X6 (TEST T2 AFTER)",20,20,0,400,400,20,0.0500,SIN_CATEGORIA
1898,MASA-OV-20991221-001,6258,PANPAQ11,"PAN PERRO TRADICIONAL GRA X6 (REGR)",35,20,0,700,700,20,0.0286,SIN_CATEGORIA
1898,MASA-OV-20991221-001,6259,PANPAQ14,"PAN ARABE ROLLES CHICO (REGR)",10,2,2,20,20,20,1.0000,MULTIPLO_DIVISOR
1903,MASA-OV-20260814-001,6268,PANPAQ122,"PAN MULTIGRANOS ROLLES X 12",4,12,1,48,48,72,1.5000,SIN_CATEGORIA
1904,MASA-OV-20260814-002,6269,PANPAQ46,"PAN CALENTANO ROLLES X1",150,1,1,150,150,152,1.0133,SIN_CATEGORIA
1905,MASA-OV-20260814-003,6270,PANPAQ106,"PAN INSTITUCIONAL 30 GR X2",230,2,1,460,460,464,1.0087,SIN_CATEGORIA
1905,MASA-OV-20260814-003,6272,PANPAQ104,"PAN INSTITUCIONAL ROLLES 30G X2",50,2,1,100,100,104,1.0400,SIN_CATEGORIA
1906,MASA-OV-20260814-004,6273,PANPAQ99,"PAN INTEGRAL ROLLES X2",62,2,1,124,124,128,1.0323,SIN_CATEGORIA
1909,MASA-OV-20260814-007,6293,PANPAQ178,"PAN BRIOCHE HAMBURGUESA MED X6 CONG",47,6,1,282,282,294,1.0426,SIN_CATEGORIA
1909,MASA-OV-20260814-007,6295,PANPAQ177,"PAN BRIOCHE HAMBURGUESA MED X6",62,6,1,372,372,384,1.0323,SIN_CATEGORIA
1909,MASA-OV-20260814-007,6299,PANPAQ185,"PAN BRIOCHE HAMBURGUESA PEQ X12",11,12,1,132,132,156,1.1818,SIN_CATEGORIA
1909,MASA-OV-20260814-007,6302,PANPAQ180,"PAN BRIOCHE HAMBURGUESA MED X6 AJONJOLÍ NEGRO",16,6,1,96,96,108,1.1250,SIN_CATEGORIA
1910,MASA-OV-20260814-008,6305,PASPAQ05,"TARTANA AMAPOLA",5,1,1,5,5,7,1.4000,SIN_CATEGORIA
1911,MASA-OV-20260814-009,6307,PANPAQ135,"PAN TRADICIONAL MOLDE GRA TAJADO CONG",1,1,10,1,10,10,1.0000,MULTIPLO_DIVISOR
1911,MASA-OV-20260814-009,6308,PANPAQ131,"PAN TRADICIONAL JUNIOR X4",4,4,1,16,16,24,1.5000,SIN_CATEGORIA
1911,MASA-OV-20260814-009,6309,PANPAQ133,"PAN TRADICIONAL MOLDE GRA CONG",10,1,10,10,10,20,2.0000,MULTIPLO_DIVISOR
1912,MASA-OV-20260814-010,6310,PANPAQ126,"PAN PAPA HAMBURGUESA 9 CM X6 CONG",32,6,1,192,192,204,1.0625,SIN_CATEGORIA
1915,MASA-OV-20260814-013,6330,PANPAQ60,"PAN CIABATTA MED X2 CONG",20,2,20,40,40,60,1.5000,MULTIPLO_DIVISOR
1917,MASA-OV-20260814-015,6341,PANPAQ186,"PAN BRIOCHE MOLDE GRA CONG",12,1,10,12,20,20,1.0000,MULTIPLO_DIVISOR
1917,MASA-OV-20260814-015,6342,PANPAQ187,"PAN BRIOCHE MOLDE JUMBO",20,1,10,20,20,30,1.5000,MULTIPLO_DIVISOR
1918,MASA-OV-20260814-016,6343,PANPAQ36,"PAN BAGUETTE JUNIOR X4 RÓTULO CONGELACIÓN",36,4,1,144,144,160,1.1111,SIN_CATEGORIA
1919,MASA-OV-20260814-017,6344,PANPAQ117,"PAN MICHE MOLDE",20,1,10,20,20,30,1.5000,MULTIPLO_DIVISOR
1920,MASA-OV-20260814-018,6345,PANPAQ164,"PAN TRES GRANOS JUNIOR X4 CONG",10,4,1,40,40,48,1.2000,SIN_CATEGORIA
1920,MASA-OV-20260814-018,6346,PANPAQ163,"PAN TRES GRANOS SUB X4 CONG",25,4,1,100,100,108,1.0800,SIN_CATEGORIA
1921,MASA-OV-20260814-019,6347,PANPAQ48,"PAN CENTENO JUNIOR X 4 CONG",17,4,1,68,68,76,1.1176,SIN_CATEGORIA
1921,MASA-OV-20260814-019,6348,PANPAQ51,"PAN CENTENO SUB X4 CONG",65,4,1,260,260,268,1.0308,SIN_CATEGORIA
1921,MASA-OV-20260814-019,6349,PANPAQ47,"PAN CENTENO JUNIOR X 4",2,4,1,8,8,16,2.0000,SIN_CATEGORIA
1922,MASA-OV-20260814-020,6353,PANPAQ92,"PAN PERRO GOLD MED X5",17,5,1,85,85,96,1.1294,SIN_CATEGORIA
1922,MASA-OV-20260814-020,6354,PANPAQ90,"PAN PERRO GOLD GRA X6",3,6,1,18,18,30,1.6667,SIN_CATEGORIA
1929,MASA-OV-20260814-011-D,6374,PANPAQ154,"PAN TOSCANO RECTANGULAR GRA",9,1,10,9,10,10,1.0000,SUBDIVISION+MULTIPLO_DIVISOR
1929,MASA-OV-20260814-011-D,6375,PANPAQ158,"PAN TOSCANO CUP MED X4",8,4,20,32,40,40,1.0000,SUBDIVISION+MULTIPLO_DIVISOR
1940,MASA-OV-20260817-008-ADICIONAL,6396,PANPAQ33,"PAN AVENA ROLLES X2",37,2,2,74,74,84,1.1351,ADICIONAL+MULTIPLO_DIVISOR
1940,MASA-OV-20260817-008-ADICIONAL,6397,PANPAQ34,"PAN AVENA ROLLES X20 CONG",17,20,20,340,340,420,1.2353,ADICIONAL+MULTIPLO_DIVISOR
1944,MASA-OV-20260818-003,6402,PANPAQ04,"PAN ARABE JUNIOR X 4",3,4,1,12,12,20,1.6667,SIN_CATEGORIA
1944,MASA-OV-20260818-003,6403,PANPAQ07,"PAN ARABE SUB X 4 CONG",80,4,1,320,320,328,1.0250,SIN_CATEGORIA
1944,MASA-OV-20260818-003,6404,PANPAQ26,"PAN ARTELLANO MED X 4 CONG",110,4,0,440,440,448,1.0182,SIN_CATEGORIA
1952,MASA-OV-20260818-011,6425,PANPAQ10,"PAN ARABE CUADRADO X10",1,10,20,10,20,40,2.0000,MULTIPLO_DIVISOR
1952,MASA-OV-20260818-011,6426,PANPAQ03,"PAN ARABE CUADRADO X10 CONG",3,10,20,30,40,60,1.5000,MULTIPLO_DIVISOR
1961,MASA-OV-20260818-020,6445,PASPAQ05,"TARTANA AMAPOLA",23,1,1,23,23,25,1.0870,SIN_CATEGORIA
1969,MASA-OV-20260818-003-A,6458,PANPAQ26,"PAN ARTELLANO MED X 4 CONG",110,4,0,440,440,448,1.0182,SUBDIVISION
1969,MASA-OV-20260818-003-A,6459,PANPAQ07,"PAN ARABE SUB X 4 CONG",76,4,1,304,304,312,1.0263,SUBDIVISION
1971,MASA-OV-20260818-055,6462,PANPAQ186,"PAN BRIOCHE MOLDE GRA CONG",100,1,10,100,100,110,1.1000,MULTIPLO_DIVISOR
1975,MASA-OV-20260819-003,6470,GTAPAQ02,"GALLETTA CHOCOLATE CHUNKS",20,1,1,20,20,22,1.1000,SIN_CATEGORIA
1988,MASA-OV-20260819-016,6493,PANPAQ217,"PAN DE SEMILLAS CON MASA MADRE GRANDE",2,1,10,2,10,10,1.0000,MULTIPLO_DIVISOR
1989,MASA-OV-20260819-017,6494,PANPAQ76,"PAN GOLD HAMBURGUESA 9 CM X6 CONG",6,6,1,36,36,48,1.3333,SIN_CATEGORIA
1992,MASA-OV-20260819-020,6497,PASPAQ06,"TARTANA FRUTOS ROJOS",90,1,0,90,90,92,1.0222,SIN_CATEGORIA
2010,MASA-OV-20260820-018,6530,PANPAQ186,"PAN BRIOCHE MOLDE GRA CONG",4,1,10,4,10,10,1.0000,MULTIPLO_DIVISOR
2038,MASA-OV-20260820-021,6573,PANPAQ26,"PAN ARTELLANO MED X 4 CONG",80,4,1,320,320,328,1.0250,SIN_CATEGORIA
2038,MASA-OV-20260820-021,6574,PANPAQ67,"PAN ARABE HAMBURGUESA GRA X 3",30,3,1,90,90,96,1.0667,SIN_CATEGORIA
2038,MASA-OV-20260820-021,6575,PANPAQ06,"PAN ARABE SUB X 4",4,4,1,16,16,24,1.5000,SIN_CATEGORIA
2048,MASA-OV-20260820-031,6598,PASPAQ06,"TARTANA FRUTOS ROJOS",50,1,1,50,50,52,1.0400,SIN_CATEGORIA
2052,MASA-OV-20260820-035,6602,PANPAQ91,"PAN PERRO GOLD GRA X6 CONG",10,6,1,60,60,72,1.2000,SIN_CATEGORIA
2053,MASA-OV-20260820-036,6603,PANPAQ10,"PAN ARABE CUADRADO X10",8,10,20,80,80,100,1.2500,MULTIPLO_DIVISOR
2058,MASA-OV-20260820-028-B,6608,PASPAQ05,"TARTANA AMAPOLA",75,1,1,75,75,75,1.0000,SUBDIVISION
2061,MASA-OV-20260821-003,6611,PANPAQ07,"PAN ARABE SUB X 4 CONG",105,4,1,420,420,107,0.2548,SIN_CATEGORIA
2061,MASA-OV-20260821-003,6613,PANPAQ67,"PAN ARABE HAMBURGUESA GRA X 3",16,3,1,48,48,18,0.3750,SIN_CATEGORIA
2061,MASA-OV-20260821-003,6614,PANPAQ06,"PAN ARABE SUB X 4",4,4,1,16,16,6,0.3750,SIN_CATEGORIA
2061,MASA-OV-20260821-003,6615,PANPAQ26,"PAN ARTELLANO MED X 4 CONG",110,4,1,440,440,112,0.2545,SIN_CATEGORIA
2066,MASA-OV-20260821-008,6624,PANPAQ164,"PAN TRES GRANOS JUNIOR X4 CONG",15,4,1,60,60,68,1.1333,SIN_CATEGORIA
2073,MASA-OV-20260821-015,6639,PANPAQ51,"PAN CENTENO SUB X4 CONG",38,4,1,152,152,160,1.0526,SIN_CATEGORIA
2077,MASA-OV-20260821-011-A,6645,PASPAQ03,"TARTANA ZANAWOW",74,1,1,74,74,128,1.7297,SUBDIVISION